,P01011|AACT:ADLSGITGAR,P06396|GELS:EVQGFESATFLGYFK,P68871|HBB:SAVTALWGK,P68871|HBB:VNVDEVGGEALGR,P68871|HBB:LLVVYPWTQR,P00738|HPT:VGYVSGWGR,P00739|HPTR:ILGGHLDAK,P01023|A2MG:SSGSLLNNAIK,P07996|TSP1:GFLLLASLR,P07996|TSP1:GTLLALER,P01011|AACT:EIGELYLPK,P01011|AACT:ITLLSALVETR,Q9NZK5|ADA2:IGHGFALSK,P02748|CO9:TSNFNAAISLK,P02748|CO9:LSPIYNLVPVK,P21333|FLNA:NDNDTFTVK,P00739|HPTR:GSFPWQAK,P05155|IC1:LLDSLPSDTR,P05154|IPSP:QLELYLPK,P32119|PRDX2:TDEGIAYR,P07996|TSP1:FVFGTTPEDILR,P00738|HPT:VTSIQDWVQK
RA,2365743,44115,188967,81437,287557,22924222,10025613,3428386,77360,67811,2818909,2733414,147393,128779,210101,22493,837624,4946210,25489,160,43911,3701898
PsA,2969871,36710,607462,334376,1213263,50409844,18805882,5867252,120345,95326,3446200,4055920,317121,162183,242464,24410,1693661,5428809,36970,762,61203,6531409
PsA,2338238,56532,4559611,2815225,11952178,6486894,2608653,3909256,51281,39262,2497680,2712738,39518,79857,138884,36069,193571,3302501,51779,2843,35416,642991
RA,3824119,33950,1147270,700097,2273613,35582032,13072824,9205576,126080,87544,3605024,3860341,250374,201680,300886,1912,1028544,4026070,43823,1456,52811,4176901
RA,4192679,35378,434320,230693,877156,38120924,14597541,9374322,78739,62569,4765053,4277953,217515,130200,197364,2659,1123539,4231807,34943,520,46200,5046387
PsA,1511748,23062,617038,226815,942373,11911629,5414546,3155124,58114,35048,1826009,1613141,86645,69464,125480,17074,447922,2765414,25005,644,32701,2089276
RA,4620427,37166,434321,226210,783919,39265384,15921712,11489223,47066,31286,4504801,4961085,256513,206998,321281,1012,1178955,3957377,24915,137,29726,5144420
PsA,1670485,15781,645792,302464,1086414,23377444,8686012,2371931,31573,19694,1880427,2184195,208153,51310,98883,2134,589145,3024102,16215,571,15084,4035586
PsA,3388623,76999,1586506,1016142,3083892,31909062,9756651,5377731,127593,70583,4092495,3109477,177733,158900,233897,2310,685877,4151725,54719,613,60025,2590467
RA,3451612,52174,2642280,1263923,3839131,22860466,8358117,7406623,142995,103724,3393528,2933908,174228,121488,196483,1453,544418,4577501,30138,2571,79649,2403630
RA,2607342,41837,669047,286143,1080428,23872202,7390053,8662379,54981,47187,2583274,2955271,104215,117559,204147,979,538484,4284526,28203,635,29641,2181530
PsA,2185380,38864,833806,325143,1320000,13029135,5757748,3081179,79976,46165,2221740,2561726,56048,63481,97640,2179,416479,3177918,39204,1180,39950,1339163
RA,3284692,56883,435385,225005,704617,28963110,8691068,6911774,46428,47170,3957802,3563245,166688,168663,247023,2176,735562,4216156,44056,1165,26950,2625255
PsA,3876163,36969,541425,263165,859470,39048180,13445350,4615674,69703,34348,4125966,3948094,268013,195384,382890,1,1207898,5339600,28595,880,25897,4228839
PsA,3153941,65078,4956149,2479468,7518467,32887152,12961235,8250669,172615,97258,4104579,3302168,231839,198335,326934,41844,1030297,4604534,51772,2867,81135,2990524
RA,6208243,59838,1405362,781170,2336266,35594836,13939532,9300839,133577,125552,6304318,6774821,224841,166726,245711,37038,1475714,4772647,79018,1084,74334,4501656
RA,4012520,35849,460410,244185,875702,39105380,16290027,8251680,70120,67966,5407329,4721730,368458,195869,333667,959,1387197,5466436,23193,1017,36738,6800999
PsA,2191384,36696,610353,336319,1063790,22102944,9130360,4314314,33454,30903,2581163,2619262,216938,114519,199472,1917,646169,3445124,25368,761,16607,3352005
PsA,1540405,23163,3279782,2166309,8490130,27548402,8501657,4970751,89289,65602,1999991,2100663,191485,66545,124957,2372,737336,6519384,36131,2402,47821,3364753
PsA,2662018,33119,4276612,3399708,8956512,22358564,9117491,3356067,47017,35774,3106849,2882086,214600,76214,162872,25275,971711,6151219,38146,4273,20618,2786955
RA,751449,11216,475167,158891,542533,5981561,1972036,4426108,25388,20835,889792,955010,57369,40654,56500,9318,222020,1633041,7272,156,14039,1621350
PsA,3177344,52380,657140,357982,1429084,19154304,6383777,5844715,68666,56413,4099947,3345748,114462,137411,300711,2239,608242,3916897,38888,896,29277,1789134
RA,2330744,42203,1552085,910389,3573285,24852086,7679730,14830725,112080,74901,2853944,2895545,148236,104969,187776,3699,767638,5319523,36571,2439,54556,2589475
RA,3773246,40661,303456,250885,569346,24178884,8378205,7940777,90211,73174,5830848,3915167,173121,242477,352181,32896,764331,4274334,46565,271,52826,2411123
PsA,2545932,55994,1192126,674978,2171475,23409800,10051854,8589789,99793,84436,3134515,2922116,181965,181851,337314,24381,763499,4676417,44619,1187,57615,2937254
PsA,3536257,39135,5214064,4168341,10520245,32935096,12648444,7324149,222669,121395,4211759,3543006,195455,235919,463971,44410,978260,4223686,58638,4260,112418,2549970
RA,2214228,39188,1463695,739683,2799539,25603768,10158527,8034916,45959,37033,3136886,3003178,175074,112424,223904,1795,910121,3836577,35278,1263,28567,2876325
PsA,2366214,26716,409891,218473,728345,21831106,7637924,5404000,14799,6227,2592259,2666701,149063,147490,347927,664,542026,3966281,7544,243,8645,2461418
RA,1079635,36998,853370,519114,1650170,4770351,2299977,7526296,136264,86081,1172088,1048342,45751,22175,37603,1383,190457,2113751,29401,1160,74603,773139
RA,1420468,17879,290399,111004,418355,18147672,7182452,3023174,19969,14822,1576842,1733778,142081,63532,97964,1234,511483,3278692,15006,443,7253,3982343
PsA,3578051,32579,333638,169761,528498,49053644,17148326,9100769,114684,79160,4848289,3902630,274144,225486,437791,3031,1549779,6170546,44746,771,55721,5070973
PsA,2220300,49570,8185557,5036386,17363792,17638844,7546055,4769813,76870,62546,2298262,2231929,104821,62524,118052,3222,573889,3904752,29184,6730,43917,2743979
RA,3770565,66779,350453,178603,618776,44202808,19498540,6273843,124708,94404,5109436,4130613,359053,170461,254198,26071,1390017,5809176,43400,822,62086,4834591
PsA,2573527,57022,850925,488360,1596461,14464003,5973086,4844507,76512,47764,3138259,2793460,99048,178224,292873,1793,363534,3427766,39937,1091,41237,1484084
RA,2083580,63185,1134162,728138,2591835,23201168,7475013,8489293,130528,88680,2267093,2671252,130145,178148,261535,472,725073,4775085,31324,1453,59682,2365577
PsA,3121761,62983,1675012,1071559,3344194,48282180,13527934,15389305,134478,99127,5211855,2969049,264542,172671,314302,63385,1056428,5034721,84915,1624,64135,2571353
RA,3331162,44236,139556,56506,245465,62715400,26369058,8339722,58382,45290,4918975,4338867,435174,223655,411749,552,2290927,4824920,20814,199,33085,11283917
PsA,1680358,36956,671699,345527,1217347,19099940,8535925,5698584,50754,33487,2272936,1827520,141948,99499,207291,12884,643951,2711967,38180,662,29040,2887774
PsA,2308136,64659,1102304,711167,2219353,23061634,8950272,3995392,46641,38429,2535429,2377771,172999,91522,175504,1327,676380,3868651,44771,900,22536,2342431
RA,2788400,67362,933567,487013,1729885,35066916,11678117,6334921,129403,93719,3369659,3622488,191744,162341,314052,89179,1079267,4667718,48605,871,61816,2931352
PsA,2518942,50202,552705,285101,962331,9811488,4383942,7191601,88737,72799,2235502,2103163,87512,109566,218501,3328,344799,3478192,26375,943,48332,1130404
PsA,3042786,35563,9302930,7568796,26412022,17504890,7621358,7601862,133755,71441,4995782,2484528,103804,140700,370307,49740,518634,5509305,67933,5031,89606,984833
RA,2187607,59877,3879586,2668965,7826966,14531506,5933701,8122195,82698,42653,2741350,2621196,170704,74324,116265,2501,570935,3911459,23153,4638,38874,2304832
RA,7101791,25661,2762162,1790331,5058881,57121348,25448136,4986423,73497,62590,7496280,8335072,587497,258565,488031,499,2476116,5808908,7836,1895,44381,13454024
PsA,2293472,33505,473945,271603,992814,12595046,4467484,9350623,47447,41090,2489741,2514855,55194,72301,143591,3265,316479,3281949,31029,465,29036,1105486
RA,1359830,19594,7180898,4057607,15425903,14695038,5293854,2972809,25946,18917,1555941,1989716,105783,68497,129834,11363,439240,2073930,20683,8307,12600,3968405
PsA,2176217,55589,772792,431251,1609541,33170236,10204867,4449289,81269,54050,2666392,2333160,217152,85349,163772,1448,990535,3254459,44793,861,36780,3268784
PsA,2552796,44980,3433520,2395708,7495999,27816368,9828362,12652119,86807,61439,4147258,2425347,165491,105774,223832,5555,842912,3938968,64660,2103,64981,1748850
RA,1895849,37472,1207917,729758,2100841,16924706,8162003,4483568,71141,60820,2275717,2061381,161682,67162,106719,25294,646014,3253625,28102,1404,37708,2690242
RA,3220739,53503,1251816,1013572,3570337,26529384,9850845,7698317,86369,71491,3533025,3256144,171396,120192,208137,856,942340,5404843,37103,997,42586,2688886
PsA,1694843,37763,309370,168160,743339,14812143,6897152,3632566,114297,83441,2157789,1934338,148658,65771,128929,26860,627972,4359156,32653,199,56281,2488766
PsA,2853347,34952,2392430,1558668,5816569,28116876,13107579,8320706,59495,42211,4328913,3041663,211207,111516,224469,3010,1123924,4347166,42033,2078,27688,2750633
RA,4515503,21013,661375,359091,1587839,67872992,27580140,3887455,107610,116340,5078792,6762937,565524,251091,430066,2112,2991402,4861331,29203,704,58403,17153672
PsA,2709989,35917,351364,201689,773818,28278330,8442630,5290224,65771,46756,2898653,3101388,110961,137177,219549,24562,895478,4783441,34520,1855,25862,3150604
RA,3921152,46876,1311536,811268,2589019,55453124,18860422,7794150,127432,76269,5799504,4857860,361990,223825,395514,3807,2118663,5667230,43942,1191,56201,6137676
RA,2211000,53051,509593,296756,1050546,27207898,13032348,11899402,73045,62023,2837206,2756110,258223,141996,258495,2388,1032827,5161345,35460,969,41427,4404674
PsA,2856743,57288,630123,424371,1443349,23768702,8032596,3170446,76227,74440,3095040,3530202,126443,57932,100561,43464,736915,5149321,80665,958,41255,2771267
PsA,3277915,77894,674277,526510,1590717,33623472,11321155,13473570,89650,42305,4733859,2760864,248569,206916,394943,2680,828987,4639699,55512,1178,48055,2297707
PsA,2645910,65094,4401637,3048016,8936523,33411670,10502974,4909173,100213,86630,2609967,3014331,193246,150831,202336,3808,1242265,4004994,27033,5830,50002,3542899
RA,2343650,14108,149572,41243,152820,37688768,13618326,3087850,43194,34565,2553385,2772951,337500,118000,175903,6596,1242354,4159308,6164,154,21802,7656059
PsA,1979431,65634,655274,308231,1276370,10064028,4139654,7586194,82299,70985,2539310,2415427,93969,86455,123260,3055,397022,3771410,28490,510,39428,1113014
RA,1784958,16614,40533628,24324822,66465288,1075063,482922,5222224,30844,18248,1734728,1620407,3614,26253,55500,2089,39351,3131534,14463,28435,22521,233707
RA,2259605,30306,1045873,617183,2253745,31178330,11461355,3365855,92200,72284,2993633,2774547,197720,79679,158795,18368,1044077,3550002,18008,903,50579,5345102
PsA,2567138,40013,1030850,679427,2304859,34244788,15459437,4392085,28012,21800,2935845,2866462,281734,146994,247055,2193,1228055,4467775,27225,1629,16212,4637720
PsA,4176021,65516,2271745,2045658,5114880,50070780,19399996,12796304,55760,40672,5336891,3665839,389184,301430,482026,10361,1451690,5651793,59172,1817,38468,3123959
RA,5130530,49440,660978,463956,1502317,46207748,14096402,11367133,114001,101759,5413407,4952516,196682,163228,240587,72659,1179772,5158045,41431,612,74814,3875343
PsA,2097078,41034,1025854,587924,2058724,18557928,6680858,6770675,64587,38579,2678978,2772432,92278,140237,225872,654,808522,3470065,26293,779,33523,2454260
RA,3112638,48710,543835,321561,1378836,1720041,967606,7768433,92508,84305,3579220,3576997,30813,129213,211048,32582,77513,4705360,36065,942,48337,208864
PsA,4078061,43569,5058947,4281000,15039699,47876932,17273850,13212309,142994,156558,5060937,3263242,307304,240704,402484,42771,1780461,6069030,77274,4860,97268,3687028
RA,1462140,14744,145245,55163,224925,15935140,6219097,3454636,36395,33443,1774853,1742173,123018,61753,117229,676,562666,2827169,18149,225,18477,3694592
PsA,2035407,58782,341170,242183,756423,18297860,5884842,7055554,92809,66435,2337952,2328362,110236,145001,201070,21268,584462,2952352,20247,656,46340,2257563
RA,2026308,26966,200966,95336,388436,13091342,5485790,4028464,21509,18506,2080565,2614150,105325,52204,113920,16221,506844,2847577,9891,221,11246,3984081
PsA,2266896,57440,508503,388590,1209637,17901004,6137041,5055610,76985,78338,2564005,2711493,92737,46595,67187,1321,545334,5318608,35567,526,38840,1913132
RA,3114929,39095,1131481,543817,2195208,167487,102763,9211086,48418,47571,4197930,4026474,8690,163208,259465,2997,10148,4603500,23235,1802,35631,70635
PsA,3453332,61448,1601924,1316326,3875016,13607374,5649473,8406627,83752,55610,3768656,3719324,65447,177541,253772,4931,375301,4606980,63932,1102,45002,1250857
RA,4884120,37914,338543,137111,527880,36891820,15510488,10240382,92857,72193,6383880,5556344,269975,216302,406181,959,1301351,4515342,11388,37,52560,5707858
PsA,3425312,55173,1100932,666913,2193978,36305880,14068445,4891480,64108,51391,3667844,3015419,284407,218476,332289,1698,1450775,3856241,36396,1431,38851,4541084
PsA,3598394,53169,3051299,2341698,6820109,52615864,15585716,8919571,77171,87054,4335845,4184597,300516,227083,337272,79053,1384202,6276140,84241,3353,65555,3868870
PsA,1994670,32410,1048744,582716,2306359,17793112,6728351,4797400,90412,67231,2374309,2507340,99004,116281,202477,12159,668274,4412665,31549,1281,49338,2853155
RA,2804631,40921,1268241,737079,2630651,25983374,8888735,4089162,88883,97632,2764684,3060375,152659,132684,205345,3299,769493,4954024,39269,612,51643,2434517
RA,1563763,28727,762465,373008,1511628,15601063,7493245,4626176,64225,45378,1843462,2055986,137153,80822,131463,1176,708317,3237865,15190,809,33261,2955369
PsA,4132741,50490,527763,302932,978101,54246508,23441296,7080884,119085,90997,4473309,5783431,400522,223282,380070,61,2435724,5978452,21687,989,46864,9086098
RA,1121667,15937,238825,95200,380360,15432106,5826785,2297222,41451,39434,1049725,1436678,125375,66468,114764,1603,508284,2488209,8589,85,14580,3334261
PsA,3617634,27907,310154,208512,673949,44388180,17553300,6061212,56712,42027,4426091,4943053,382755,195772,402860,15265,1783210,4390576,26138,104,28565,6973996
PsA,2457763,40241,14582637,12823668,31901232,41818388,14942745,7736496,94278,67163,3632713,3055644,268568,233926,359710,38977,1304530,4832368,29936,9107,56955,3979891
RA,1838878,35723,4030165,3015389,10271020,19908348,5519412,9383407,75737,51572,2400377,2428333,111348,94351,155292,1882,581106,3181651,29416,5371,42131,1998540
RA,1528787,13954,133833,46390,199659,17483024,5742079,2914600,54382,37212,1531603,1771429,151287,62148,103830,175,562920,3179873,7875,211,20877,4334771
PsA,3896189,35254,1254406,747407,2554951,34693496,11543136,5934131,22813,24012,3845449,3706227,234259,113964,215478,757,1283911,4467654,22430,1485,13628,3954031
RA,2383414,15328,208061,78932,290438,22870526,8340069,2694471,27398,22778,2324871,2939384,153942,120534,196188,1109,806478,2814136,11353,536,12794,6123451
PsA,1825036,46512,708843,367446,1399657,9388339,3470589,4891031,87820,72491,2057268,2354319,91828,55305,85724,2310,315031,2869683,32033,731,47880,1223976
PsA,3181447,47669,8534996,5944796,17187186,27303084,10225342,4269175,97294,87342,3662613,2812767,212741,125710,209709,1447,904211,4261129,54269,5181,47353,2175607
RA,4450314,54857,1713806,1012101,3921696,39842852,12594855,7700393,151908,137136,4786250,4541536,155648,226395,329261,761,1026836,5035385,22529,1543,83300,4099382
RA,5481967,37092,674912,381093,1258833,39535416,18206532,9664549,61973,52653,4998199,5151297,320455,130330,268977,20338,1657250,7261371,15513,656,33678,6994535
PsA,1925108,42751,705301,389807,1204788,17595950,6401052,6470852,97285,62832,2345030,1856455,136955,65292,117713,17706,587025,3531245,27063,472,52917,2075579
RA,7243880,20265,681322,336461,1164927,58193988,25364452,3810024,46218,43225,6755003,6740732,546040,280785,410963,26354,2583675,4504974,7106,691,24647,13423253
PsA,2440395,28574,6461001,3448430,11808611,25011794,8612580,6512053,54968,45328,3263875,2717196,175559,101895,194611,24060,913759,3859952,65123,5353,30751,2989058
PsA,1701984,29631,3600139,1860786,7375208,11164337,4824973,5225758,53623,37655,1831865,2218979,89362,74820,152982,2059,382583,3304702,33544,2034,26487,1793846
RA,2795394,48340,1004870,723358,2397985,19077732,5415943,12337049,123520,121699,3403691,3683290,119404,103634,128220,1059,555925,4357444,25527,996,57304,1953367
RA,2814165,33599,226062,106995,388006,32636050,9702964,4588758,96370,80210,3177919,3054809,191939,171950,279540,21544,1018196,3637353,24506,187,50359,4388267
PsA,4079479,53573,1871905,1051834,3994436,44350300,12674976,3731178,146487,147743,4176983,4119822,210533,249458,408917,232,1173800,4231477,12846,1910,67043,5512994
PsA,2038711,59460,1594657,1115654,3753183,11842757,4751258,4871869,47253,37025,2558572,2169097,83064,102815,162643,2071,337060,3732439,55571,1125,20324,1030848
PsA,1933438,50650,2102604,1548515,4982384,35983352,11862063,5839515,72761,47753,2757075,2336100,209755,124451,214927,3784,948825,4201201,25751,3323,48531,4590441
RA,1790313,34947,654562,421705,1443196,14097032,5205842,6909204,78552,60744,2243639,1857442,89722,78698,139182,19263,548080,4244897,34578,556,40449,1778339
PsA,1861470,38589,441631,250530,1043045,13840927,5257497,5229305,141870,100141,2252714,2089376,98858,90113,157936,11924,604774,3624657,36152,581,65561,1745490
RA,3823798,29412,700814,446460,1236011,47417228,17602094,9349602,67279,69755,3852629,3986135,340529,198423,370707,31665,1445755,4360567,10977,597,43332,5020557
RA,2074707,43279,1750650,1093182,3437604,23403934,7470859,6612125,116671,86644,2733782,2129303,138630,73369,151448,2577,628156,4812657,33672,1442,63481,1710948
PsA,2456649,44005,659311,356553,1049595,19364780,7999457,7206876,76907,58221,2519189,1718971,163116,138043,250292,759,583932,3933035,27260,1475,49729,2337346
PsA,3251423,40572,486197,260729,853410,21894258,10757278,4890699,134905,127258,3776478,3408969,215688,181467,333646,76757,771933,3768656,19624,504,70943,2231573
RA,2208139,41509,1169059,722308,2276116,23550356,7292457,8922268,59080,62161,3017806,2464360,168404,107086,157279,584,624457,3122242,28544,347,32882,2290747
PsA,2506151,53473,980792,699271,1873729,16972336,6922746,5485130,102388,79194,2794112,2399643,151214,114368,176874,2046,470230,4712967,41908,548,48580,1453175
RA,2038029,43696,1565334,801433,2976534,18516582,5834249,10465565,71031,61148,2531123,2353863,150921,122030,233526,410,560694,3587106,9306,1450,43048,2247393
RA,3329671,30890,491342,227283,776226,32888090,10607845,7217656,84538,82578,3540630,3469132,230909,156325,295023,2383,901304,4655324,29754,348,38545,3707465
PsA,3599671,45728,672400,377345,1283850,47050168,17169390,10471311,109952,88295,4211453,3731053,295267,210807,326762,429,1267324,4495451,36427,658,65621,4700079
PsA,2813907,41562,2082794,1037937,3845692,24433086,7565394,6941359,41133,31466,3696465,2719420,186334,145906,250215,1497,633607,3241208,35876,1357,17190,2393992
RA,1983660,20453,897461,457292,1896798,30331558,9756779,3463032,34036,29767,2434538,2461219,219037,122113,166644,1562,874883,2919447,16914,611,17479,4265611
PsA,1944187,39709,1189680,647596,2466120,20597466,6222673,8811736,35528,32519,2333321,2172059,138210,88099,161299,29840,538342,3976158,34043,1588,21949,1742211
RA,2354958,34759,896956,520637,1759572,17205090,7783525,8985240,84957,91513,2949879,2634648,177835,103044,177335,2249,590500,3616100,22574,892,56808,1692466
PsA,2997446,45986,5269424,3490691,10610602,21720608,7777601,6604047,137522,130817,3466429,2124854,150667,183765,230950,2612,735980,4748359,50277,3257,107125,1779483
RA,2131133,47964,170101,100980,310037,23066028,8779015,5204674,84502,72309,2841689,2222129,164949,109674,197801,2588,726024,3238122,30586,153,50820,2825542
PsA,2135982,70314,1539499,758300,3129601,3462598,1314842,5111159,117905,107693,2095396,2546449,17115,52402,66314,20632,95755,2744114,44021,695,58459,329353
PsA,2195258,46455,1687890,943371,3087686,15896442,5824310,5234125,125064,88946,2582857,1987209,86953,42639,58721,1527,367536,2847121,33092,1613,73001,1398394
RA,2549794,57057,640463,358986,1136420,18553554,5986323,13079969,120263,116800,3325540,2754857,107206,111492,205057,712,552460,4106730,27516,543,63139,2061701
PsA,2114965,52955,1125999,774854,2116647,22377296,5915073,5435506,94087,88683,3270444,2085108,96552,138142,258481,4470,541387,3461907,34174,455,63554,1728950
RA,2921943,58209,3482370,1779316,5798090,30452542,10560563,7207033,121571,104918,3036759,2927562,211938,133738,225966,822,882893,4593371,30654,3372,57253,2859305
PsA,2132480,33141,737071,389762,1212467,11634877,3861889,7702640,39980,44304,2640243,2460438,90697,70993,146355,3443,302401,2883997,30733,388,19738,857053
RA,2286629,37531,660310,248610,938258,14723659,5170598,15234512,55665,50421,2544616,2201050,146692,127976,184069,29838,414451,3091875,28416,223,37938,1689356
PsA,2835333,51203,453134,258915,830098,32174442,9691080,7118128,92665,71429,3358678,2984311,228525,164669,243177,3079,1042767,3812437,27231,398,49153,3121996
RA,4497068,62965,615807,350712,1020238,48810068,21375676,9418351,60985,40752,5886136,4453065,343711,232992,336162,35566,1610284,5194139,39705,1147,35460,5193986
PsA,2452151,44914,14320000,7703604,24596316,3813381,1431031,4392300,59717,50778,3007995,2074346,25827,66524,114045,1988,87810,4214541,35097,9044,41773,289347
RA,2415824,54201,2470863,1123970,4664954,11109651,4556799,5993364,113478,115768,2861891,2386532,72260,146784,164527,2630,308685,3232635,25328,2395,65243,1061576
PsA,1923014,37927,220657,89480,332271,19389086,6269795,5041891,82662,97747,2654726,2479537,89226,83131,142606,2172,594913,3525666,38029,481,46652,2127055
RA,2123302,44047,679825,395389,1425174,36064920,14097081,7133065,66052,76670,2654542,2342326,293470,151671,239013,22445,1137704,4807636,30269,595,36309,3975284
PsA,4243832,49753,867190,536400,1460067,45402320,17820298,14975483,91093,102777,4779069,3480525,387187,289131,468324,952,1264501,5945511,31033,189,67992,3434357
PsA,2064537,30973,581648,270726,1022187,29808682,8996583,9109328,43300,34735,2798041,2355219,164394,155263,273240,903,800949,3489709,25320,566,24303,3237448
RA,3537351,28733,913766,438100,1618351,33777924,11585421,7260001,82725,51498,3740406,3826863,241374,143403,300666,15514,899134,3368010,26743,1469,40655,4364231
RA,1502095,35979,2570187,1476137,4818557,7273624,3170568,6093497,79288,58180,1928352,1672920,61890,32192,49022,371,222677,2769929,33036,1550,39220,676505
PsA,2201373,41540,525126,242673,864270,19816018,6833000,3713728,27272,19572,2454605,2839614,133129,127499,214703,1765,598032,3978673,21130,706,15982,2613510
RA,2227962,41909,1658245,818441,3087347,10025884,4118782,5943068,64293,65203,2525030,2502139,94455,82721,141962,21416,277965,3310492,21963,1928,34078,1201348
PsA,3271698,76553,775934,430272,1841018,29395392,10011993,10581206,145561,173244,4345567,2799770,270064,206106,360158,19,620006,5234658,40186,1294,93433,1802767
PsA,1981530,61065,1687696,715386,2633028,15299076,5917475,3751239,84971,73352,2749606,2390454,122140,57011,84871,33762,425202,2941410,16681,790,49897,1694675
PsA,2047129,36546,633120,293443,1029761,11159863,4520867,4435250,86796,71388,2110869,2238261,85660,85958,131201,2865,313238,3334245,36070,1276,53845,1474274
RA,2891352,38717,503705,237721,983417,22530140,8823279,7896826,42360,30570,3819778,2415487,181757,151659,258237,39919,576814,4793938,65486,407,26834,1931145
RA,2911247,37754,2492387,1315600,3995835,17332744,7895541,5918573,141193,127533,4135546,3072308,153488,80207,181799,30514,415177,4138076,24148,1300,88712,1717813
PsA,2743503,42849,813945,297580,1210391,20403340,6765311,3820404,45202,41025,3025320,2633193,159064,119044,219940,1084,593568,4279801,32703,602,25027,2360188
RA,5134982,40876,728030,299228,1265193,56186496,21533588,11052330,130702,136256,5158498,3767430,402622,285020,364220,33849,1526625,5754470,36936,797,75450,4999475
PsA,3992771,48783,5844207,4389030,12112642,10195923,3196292,7599583,101273,141562,4353279,2986594,128641,201122,260600,5743,212485,5029553,35785,4670,74977,678332
PsA,1882393,41443,898877,406797,1517804,33659420,9587732,5377036,81661,69681,2812375,2531948,171288,134128,237629,2061,727306,3617055,29908,993,41694,3184089
RA,2323696,26587,204506,56009,284164,27482982,11849126,3765462,62513,49277,2000328,2947720,264499,78883,134466,456,915876,4355202,26544,237,26821,5403954
RA,1003058,13788,2200179,1097053,3923041,5972051,2594165,3473448,66487,49707,1039179,1130338,78530,37884,60816,1439,261412,1885001,17323,941,27877,1251712
PsA,2519177,40197,869433,418334,1398774,19117552,7198574,5469432,45522,37576,3127805,3049527,156048,118133,208128,354,609075,3137454,26060,740,29623,1933815
PsA,1849884,36007,1238022,688996,2710309,10254804,4101927,4926575,54084,50295,2178758,2221479,91957,71116,121139,21503,421039,2502823,25946,982,33983,1428486
RA,1743423,20639,510975,241841,861043,7641108,3370841,3533500,40577,28781,1840067,1899147,70610,55518,101579,1934,286931,3074953,11535,832,19746,1454594
PsA,1921465,48801,384419,176560,623815,17403988,5715946,7385513,90367,87077,2387362,2780246,111977,84247,124318,664,450667,2759249,24104,430,44212,1967675
RA,4056589,15116,109852,18130,94883,44109384,15449884,3290534,42934,38888,4853917,5022624,348734,173392,298537,1888,1537137,3882193,15746,539,17779,8905556
RA,3002220,47687,804575,484247,1317749,15017034,5883358,6851594,105670,92602,3452214,3456572,100207,97051,169952,3310,372568,3534336,20216,826,56873,1465743
PsA,2613016,46317,1518940,865931,2677647,26304978,11301036,6023228,88374,117934,3374054,2739166,168245,75327,88730,35713,843140,4373469,33970,1509,58770,2302537
PsA,1502327,25597,502081,162489,629167,8125804,3147200,5373977,36536,31469,1654446,1896046,84718,81077,146400,9988,241352,3346855,14952,127,20210,1205292
RA,1443885,22473,532477,163120,782225,18309992,5120045,4449696,37293,33661,1466125,1852099,80375,52972,102971,16004,406521,2439692,14851,825,20242,2332220
PsA,1964964,48997,528599,220894,825108,18412900,7266424,6296441,55568,50907,2347094,1887781,175351,72602,142975,25631,614347,3637698,43792,505,33672,1775306
PsA,1770180,38970,1665368,680162,2284760,12115126,4055903,4169070,63510,55469,2002079,2140545,82163,75125,142144,1430,345173,3088730,29901,1015,31296,1645110
RA,2200819,46865,833889,385800,1555964,15893085,5453323,4450867,138455,97494,2235632,2192383,117240,74236,150885,13431,442391,4263661,19847,264,54506,1632027
RA,3756902,61181,2112925,939778,3121960,37685500,15086940,6279344,9945,20243,3581501,3742846,1140069,204857,282320,28132,1194470,6792241,9945,2013,4874,3994967
PsA,1600357,23060,465445,190529,786512,16999214,5254220,3693365,58481,47909,1772780,1787904,142668,69887,105372,1075,448877,3270655,19621,126,25232,2574433
RA,1985478,19856,171070,105593,358850,22164146,9044618,3082326,57443,51876,2104811,2353672,164058,152638,201934,368131,818621,3118700,20151,278,24625,3093061
PsA,1941880,34167,566545,318618,954013,14464955,3863450,5316734,69667,84171,2170157,1946973,44818,127622,144281,398413,415133,3475816,35540,331,40545,1037288
PsA,1680931,20472,12292289,7047548,24341872,4962042,1901793,6487841,43479,28448,1942216,1429376,16253,31400,66952,310883,117232,3231481,38669,12830,31155,304525
RA,2801502,21092,265616,176152,515072,32620360,13907809,3153016,47265,58066,2569127,2962316,153890,86983,189339,18660,902829,3295897,22189,690,34141,3086684
RA,1606774,18552,509772,316000,1064183,10729577,4578154,3494156,38153,30815,1728627,2339093,57927,74896,172017,191812,367886,1839710,230697,664,26988,1266482
PsA,1957150,29978,484386,357429,995654,19287816,5778521,5163336,58566,58342,1622453,2448935,69409,62301,105984,300878,426498,2919289,286699,336,42149,1446620
RA,1139157,16210,43681,27480,97892,10440391,3662338,2826376,38597,32830,1089970,1318539,77544,52162,98963,908,406535,2276026,238975,264,21560,2094297
PsA,1990720,22512,736658,349049,1286875,18666512,5429423,2960012,33097,39330,2042868,2454578,109206,62677,87275,236103,541899,3255482,24454,2857,15412,2682685
PsA,4092280,57149,762893,615298,1596538,27973542,8439926,13511503,88495,128835,6111734,2847287,112074,262884,347985,281437,687335,5168385,54879,716,79894,1540638
RA,4656123,49464,828038,556087,1352005,45602080,17445956,19643258,138852,145719,4516467,3108912,344433,236779,302590,294478,1454208,5510749,47997,92954,85939,4669553
RA,2349150,49939,848649,464344,1762043,28888064,8371887,5626689,121705,97357,2449009,2399233,173698,116254,143277,12826,821897,4987414,34451,1187,63505,3198901
PsA,3202945,62174,458474,216751,744559,22914878,8132120,9896767,64819,70107,3345568,2603362,105646,149529,197184,32657,643933,4986980,3406,199,36386,1923074
RA,2842167,40830,967188,509531,1641108,34962804,14201103,7250604,65218,61044,3649539,2147123,234617,134819,213418,456607,943122,4754196,40695,909,43245,2622669
PsA,3821041,61328,747220,435414,1395590,37021204,12256877,8471299,92526,103373,4237799,2804482,107191,169843,209465,1011,968794,7422186,48182,613,58268,2723709
PsA,3188630,29034,1289573,662234,2290551,35197576,15609536,3728971,70772,74159,3645419,2991456,271834,168376,195656,312174,1521538,4823843,53472,1327,39815,4232150
RA,2393253,41884,324708,157359,451255,34827340,11412134,6378841,65973,62435,2869951,2365738,231199,161377,208643,10624,1074719,4047710,132358,361,38297,5241652
PsA,2605943,30487,1937535,952168,4113512,47337160,16859598,4707577,126129,132053,2639069,2628410,238883,131954,198166,14698,1843306,4680288,91,2327,65890,6492512
RA,1041182,16412,3254914,1675172,6070598,4133942,1203210,2542317,36177,27747,955522,1322208,35807,19893,26246,150112,131165,2563835,9226,1823,18028,881232
PsA,2170945,21210,530167,325420,895291,30529396,9056044,12698322,59171,56324,1506090,2055724,197983,81360,156928,233842,605717,2332074,4597,702,29434,2202553
PsA,1875949,22325,679381,385066,1744314,13567492,5715548,2539777,46081,38625,1988395,1771416,74914,90045,140041,401654,578907,3595670,30754,1136,31156,1425679
RA,1293959,10107,550829,331132,861535,17679932,6137111,5654569,17353,27666,626912,1766772,64117,30517,139343,38506,294260,1054184,12900,620,14973,1200129
PsA,2463288,54631,525669,332991,1098742,19478706,6392256,10819599,50526,53400,2498117,2305225,116722,121213,200563,2130,540515,4569723,33725,888,30429,1899713
RA,2753926,56153,347986,187949,665777,22216282,8236679,6404656,142409,133093,3716096,2456937,153430,154861,228032,309584,532357,4611262,47379,546,83573,1610333
PsA,4886099,43446,1346286,1007038,3071496,46763668,18232074,7951605,78871,98397,4945731,3605333,272007,182113,293613,33772,1092402,5657033,27865,1835,58735,3347008
RA,2652438,48503,1405730,609398,2256348,16367573,6040259,7006540,92143,77408,2256482,2245268,94815,72714,118183,398083,364582,4122802,2034,1199,57629,1454906
PsA,2450847,43731,517553,262086,858238,16046172,6348553,3996269,43642,40591,2873776,2247975,120159,98502,128937,552908,460841,4527526,79718,37531,19425,1964514
RA,3788736,30829,686621,220919,906444,25905174,11042010,3691815,6897,11083,3670489,3909466,205143,97529,201193,1845,889000,3830533,109412,41979,2716,4257875
PsA,3529035,35344,391430,183922,602302,36609188,14408215,6367797,78620,71400,4260595,3629399,212264,124999,182637,20672,1079420,5074623,40684,3167,44860,4226904
RA,4991197,17397,159158,55994,196030,50755588,23521720,3793719,74645,66169,5426343,5603000,491139,221355,315108,1566,2035856,5386282,982,85403,35913,10324890
PsA,1830590,21965,852297,420182,1727753,17867180,6753461,4923332,51904,31062,2808048,2035814,190993,67773,108503,320,622798,3746263,24331,198,33027,3456118
RA,5915326,39165,395279,226567,734256,23936716,10078479,9761420,147332,130687,7290910,5183301,166944,159082,238395,1227,779220,4474332,151353,591,71613,2236481
PsA,2681865,34977,910315,536105,2098365,28373050,10565242,9824169,55926,52539,3241386,2212008,162711,134525,181455,25418,972092,3541671,40131,1594,37372,2129983
RA,4139924,34602,304057,148598,489283,53881544,21607020,5732665,77759,101913,4456210,3965046,372983,159269,160133,9398,1962916,5314514,207842,4251,49090,7064047
PsA,2499177,40612,887353,547232,1588032,32898508,13052955,4114727,19696,22580,2572125,2214522,199099,136991,175875,2693,1096406,4914983,1953,913,11923,3446457
PsA,2425633,53473,2666706,2203651,5181874,17071340,5378730,4017788,77842,87890,2656401,2021019,77784,88363,119695,31816,329499,3981517,37571,3249,57219,1305553
RA,3205979,50641,2542070,1721571,5005225,29606010,9853153,9823112,104406,89762,4348832,3346365,166070,157100,279401,1215,861322,5377385,34158,1697,50181,3035673
PsA,2428701,58745,1956669,1169494,4489449,13235015,4314337,7315138,83952,88270,2169733,1907683,72313,82639,117719,237503,405569,2883319,185544,2823,54354,1383881
RA,1995910,32677,1792977,994762,3993801,18900242,6753989,5119514,78603,65216,2268911,2180504,128235,99154,141038,1104,626629,3699158,3781,1651,37538,2295587
PsA,2113959,37454,808029,546571,1789326,20490904,6381610,5718967,76983,83689,2369764,2107453,115965,128389,200440,189114,754793,3771867,50977,804,44797,1710250
RA,1954744,34124,174382,73872,264005,28229586,11639154,3019032,71136,49115,2253556,2282391,145723,89006,137770,12929,947457,3155557,25625,147,35290,3111391
PsA,3558864,38523,792859,446258,1643362,17553292,5783944,4573412,41974,40662,3803767,3064530,106172,107636,167073,11362,424775,4918654,44236,1461,26457,1220664
PsA,2067459,32518,1238031,741001,2484637,15197655,6683664,4336250,10021,9749,2550768,2057756,101198,72195,119793,22020,535774,3099665,26560,1620,8619,1716113
RA,960114,16709,453352,195952,723715,14377881,4491710,2261275,35298,23074,995087,1309485,90843,43312,85159,113060,463410,2308699,14801,322,14451,3377646
RA,2360753,51407,771691,412605,1329032,14215461,4459462,9614792,116369,89847,2542294,2077907,52897,95490,153427,311693,363590,3472145,1374,1062,56478,1039016
PsA,3120072,38147,263747,149056,466627,23951956,8598241,5056014,57053,45933,3205438,2930945,72957,208456,295556,22227,590996,4781506,44479,459,28804,1766375
RA,2278966,28929,254167,121489,381904,15785203,8365277,5205253,59004,40835,2560592,2154031,114279,71101,128116,1229,649167,3846705,27764,636,34824,1126838
PsA,3342405,44131,2800967,2219016,6618094,39221952,13839419,9525894,64057,69703,4512272,2438545,256817,235143,357195,54248,870459,6888875,33586,3473,53685,2249680
PsA,2324759,44313,391969,255010,868684,20107296,6734388,4053519,28778,30811,2548311,2210372,105789,94823,134032,1082,626775,3155532,256,583,17488,2079648
RA,2194997,16143,4700621,2581958,10149029,16902128,6997340,1597581,35681,32847,1991391,2245043,177355,49753,65552,2815,669150,2980004,1772,2069,18653,3926395
PsA,2813045,42572,1470846,1408769,3884945,22033298,6284007,5450129,108758,132199,4079442,2274017,96624,122208,180361,46388,356500,4825670,70425,2235,83626,985518
RA,2038649,56448,687101,379634,1441296,19052434,7756637,4773162,129965,95706,2290274,2050378,99412,107320,129751,1499,593504,4313720,3397,911,71512,2019658
PsA,3229837,33888,567352,289971,865221,25192768,10031287,5577163,77735,72240,3873200,2836103,205156,161547,237496,184357,1208092,4553576,1669,14,48127,3403411
RA,936486,13439,239230,95402,357177,11614193,3691758,1673122,56195,61220,855702,1172478,116180,41251,72129,779,350567,1966365,681,229,28819,2826246
PsA,1751532,35640,1060323,625816,2056783,13680069,9446850,7610894,23427,10194,2292990,2082388,159947,131337,201240,325163,938121,3216108,34278,1310,14285,3184007
RA,2988122,36710,197756,157100,397472,24001324,7361158,7064962,62488,93948,3174760,2464497,124459,125699,212372,262705,813290,5103687,224298,299,36236,3011298
PsA,2775689,53492,692862,544494,1666619,31646710,11617307,6772745,46605,61034,4622769,2314989,157740,241523,331915,391473,821060,5041295,2329,889,34088,1859209
PsA,3229608,44487,1160099,661476,2145424,43194516,12603098,6803315,92325,81599,3382861,3313075,256302,195070,285487,206421,1348510,6096042,25010,3320,53497,5468669
RA,2688152,37048,1802896,1481605,3772923,11654372,4437017,7532314,81859,90697,2883283,2316672,17735,104447,109169,498896,253818,4470673,178185,1508,61355,1102846
PsA,2257887,81162,324387,192766,632828,19140328,6217799,4418978,56140,81828,2620596,1968785,124239,54594,71418,21574,576335,4531957,45467,841,32263,1340316
RA,3049640,55673,402812,258393,818419,26441102,9237523,6630054,132320,142855,2932716,2468235,142782,124392,134171,439187,750988,4818280,1913,453,92280,2098031
PsA,2327133,34303,3555622,2450823,7369928,27492104,9958159,3164464,64156,68997,2672803,1985850,197661,105912,149684,176120,908901,3570395,41282,2578,42067,2765614
RA,1495828,22243,242446,95936,345301,8994730,3303810,3912369,48879,51592,1348317,1712665,81276,64121,109167,216,306557,3201379,8406,342,18356,2115893
PsA,3631500,49461,1897078,1508980,4970184,39355760,15482700,7209564,80600,94960,4421808,3240491,268622,236822,315452,384746,1315202,6871404,38516,3062,62794,2763318
RA,2910558,46151,1688482,1426398,4588349,22409744,8127154,6205746,100050,120774,2791662,2798509,131052,168015,193508,349943,686957,5403428,1552,2453,64929,2182085
PsA,2913829,40561,598329,439930,1354221,29036336,9968751,11600380,78489,101410,2863528,1720662,174069,207484,260546,175143,1037383,3323307,22983,1343,52945,2352642
RA,2149468,17991,432505,228801,680131,17031588,5691992,4173092,25881,29009,1820711,2014969,93291,73351,104403,71219,638034,2758441,899,2486,12363,5187926
PsA,1889506,43296,489790,475040,1346092,15147276,5354142,3959855,57363,38075,1999177,1619649,104478,71613,101840,393814,464806,4417440,41444,903,33474,1273358
PsA,4807376,36961,1939956,1207355,3729494,42831416,18762042,4206288,41561,43228,6445633,4213881,348560,281229,398307,689,1581571,4474564,24809,87565,25269,5638463
RA,4704403,46364,172400,101326,286776,46972192,19586556,6171364,56917,55575,4631271,4508405,308417,243010,347318,244156,1537841,4535146,29742,84300,32171,5728707
RA,2200878,38581,2082099,1319158,4412882,14326714,5167318,9962823,48870,70609,2855368,2113402,75502,101965,158112,17283,368802,2717783,2210,1342,30216,1193693
PsA,1889400,33928,376498,158961,525698,20172718,8354207,15452584,106579,94432,2547033,2259379,105297,101318,122920,6271,725008,3482258,41476,878,51058,2390201
RA,5565463,28791,394501,216291,805589,28537414,10870777,9871342,89172,81516,4821154,4520713,148357,298116,380218,267996,790938,3251352,37040,1058,51527,2434505
PsA,2555902,56038,590543,260111,1079861,21962780,10089825,6797278,77040,74639,2890496,2091681,136506,111673,149692,3732,912690,4818050,43341,737,53428,2364173
PsA,1844626,47245,600634,388396,1336472,17630932,6184846,7718559,46898,54660,2015540,1858775,107211,91030,122664,272018,425722,3485482,30128,1162,28973,1559288
RA,855750,13431,327198,141101,508991,14403117,4805025,2780072,31069,25522,725041,889397,117985,29159,37729,139873,367758,1603135,7438,324,12910,3210292
PsA,3248009,55787,618773,451268,1504634,25188278,9433281,8168618,77133,100125,3182683,2290356,107003,200324,283411,289557,554740,5583586,38715,685,58410,1692516
PsA,2292657,29706,2825266,2198059,7230746,20467622,6592394,6500305,61717,79275,2487120,1893450,92268,91891,129324,35303,630638,3082270,1816,2935,43165,1638262
RA,2147463,49938,817263,490556,1504844,8151488,3034207,4935074,81294,101818,2505558,2107165,37353,144548,189584,2048,226198,4279525,28519,985,45211,784260
RA,1880139,19352,281047,114718,446405,20128238,7504650,3440689,35664,33682,2079954,1967183,131045,112533,193292,5535,703486,3314831,210572,183,16498,5148801
PsA,3189625,37390,1374581,1121479,2757054,33407808,10801244,5510817,61532,66704,3578435,3028358,155104,169444,233916,212808,1006562,4795525,869,1757,43216,3135474
RA,2554874,32069,569040,308217,1220860,30925966,8961621,4617414,79465,91185,2686954,2545503,194575,171711,330854,29366,864762,3372444,38553,815,57403,2076216
PsA,1958773,31562,1107640,713757,1967516,23906222,7336299,3238663,61450,65328,2172255,2024144,131534,147470,168174,1827,703405,3372756,29468,774,40639,2431945
PsA,1346714,17346,1232211,638991,2166326,3431726,1362827,3725731,35848,39819,1243783,1239112,43061,53791,102255,21146,96790,1967924,33561,817,28258,284846
RA,2449949,16201,161060,74767,223175,19068062,6559090,3279789,45036,24798,3216438,3853764,167580,74925,133444,10037,783229,3153259,12167,658,24918,4376551
RA,2492011,56707,1689219,614091,2706290,5542623,1867146,5831000,75907,70645,2277316,2224397,21049,86182,119628,47583,150094,4036127,29454,1442,45064,459842
PsA,2009573,48649,444990,223613,718645,11725523,3927027,4302194,29981,52862,2290898,1865200,84329,104807,171686,1224,413804,3299076,41749,641,16808,1017342
PsA,3080056,60394,1797546,1236462,3267454,24488120,5980489,5603057,86925,105069,3471528,2323773,149164,161260,214159,566,459307,4788708,32680,1286,77722,1285898
RA,2613358,23720,338862,107083,368364,19904762,6820619,5524242,64456,64655,2119954,2169679,110646,138994,179200,693,559758,3173581,22877,135,27577,2994203
PsA,3125569,40074,513001,193888,684757,7538027,2989696,5451725,34083,42841,2617300,2601540,70517,107376,144949,1338,204508,3424297,22136,598,26504,657840
RA,2211143,34319,1015130,454300,1828723,17393614,6552520,7285289,42237,39855,2401359,2217817,105021,117399,161387,598,570749,3279816,19592,949,25250,1975952
RA,5807333,40439,1015993,548157,1820239,45856836,16530471,6071438,100075,95342,5734182,4214935,420083,253373,365458,25283,1546388,5901911,119854,788,58407,5317025
PsA,2825659,58233,601507,325443,1044294,29520580,10769197,4453144,47159,31438,2945362,2324473,163310,138049,228888,25318,857238,4160106,30558,332,34841,2212306
PsA,4244482,45570,1290612,861403,2320379,44877156,18301024,8483583,90671,122152,4349491,2083898,348297,213757,250294,18437,1405803,6081627,47629,1071,78658,3787980
RA,1768321,26431,380146,195899,623274,17139136,7043498,3577617,40742,38446,1722986,1921758,134039,70061,105978,1375,648661,3304794,15884,670,17923,3473090
PsA,2837687,42548,446961,254170,682583,44314908,17437802,5866409,30294,39289,3079691,2186413,354984,175384,243811,1145,1487963,5299213,21947,414,24569,4364930
PsA,3317726,45348,970572,536140,1676816,28453182,10505619,7769012,60427,70941,2746278,2678659,195182,169532,244786,977,1052970,4320347,30288,1257,39975,3760506
RA,1755057,19666,585005,220884,935023,22346078,6755649,2114339,25483,14141,1791146,1839112,157037,79929,141331,1923,821246,2921607,8710,742,11345,4784441
PsA,2377558,51555,989099,556274,1676168,11603097,4778890,5604691,93730,91841,2636258,2064252,99094,94464,142483,1136,418552,3118470,21067,962,74301,1259729
RA,3014412,55089,1020261,530226,1696700,32504598,10199884,7289309,98940,117288,2963905,2537497,170427,125586,169612,595,823462,4007637,22027,761,63346,3023744
PsA,2215569,53086,877114,513757,1655367,16467499,6023567,5620203,67846,51274,2762648,1849980,121855,90943,131645,26792,485496,4102691,29534,705,42571,1343989
RA,1648386,46667,446745,198074,813566,7226382,2933382,7488546,64162,61774,2040180,1562523,71275,78774,101211,1295,216593,3999405,28247,142,34269,676466
PsA,2165332,35933,783833,465790,1415451,23764730,7373842,9612271,49698,55385,2698158,2054682,149527,102464,129161,1225,608845,3444998,27774,837,39164,2553180
PsA,4106552,42689,776463,481689,1403023,31857274,12840747,4993312,62419,91611,3637045,1616791,245551,197755,185045,4149,657189,4607625,32134,1320,55197,2351654
RA,1878226,37702,434062,186257,546047,29581584,11001958,9538696,34045,36649,2161730,1666936,237221,106823,159884,453,803876,4230208,17550,645,29670,2708481
RA,4203743,41542,577576,269580,1018796,14820152,6733886,4740278,101816,134193,3937953,3178034,96485,202412,269407,973,461059,4008369,13839,1198,66645,1679703
PsA,5617159,32707,649620,273937,904508,47610268,23723096,11354664,42542,70001,5803195,4828039,377209,273539,363795,929,1551409,6286039,22981,743,26680,5535742
PsA,2792880,42592,3723708,2442151,6452673,11214829,5500454,11646951,44766,49655,2569987,1684902,115484,174776,174334,139,262283,3612147,15096,3239,37725,913501
RA,1478186,17424,592486,207106,825427,18196230,5024077,4570595,38014,26074,1242998,1357216,122508,55650,100471,258,460110,3715361,9506,969,18589,3674812
PsA,1966564,19063,399526,167992,525035,27422258,7377448,5294504,30301,22957,2087658,2164469,143346,96000,174496,11163,643426,2240477,10945,539,14083,3966401
RA,2885771,48374,874753,480954,1519350,22556382,9390194,8444494,65272,69011,3442734,2524206,169942,114568,195996,1093,787235,3969175,24154,563,48143,2568832
PsA,2466821,30253,9971169,5361575,17847756,24548740,7332498,5820841,56439,77767,2318868,1790243,147934,107823,135762,225,798550,3645486,28475,5688,38520,1948695
RA,1465000,63399,597225,427209,1195383,15781210,5490625,6049699,87083,123049,1486982,1250891,119403,72565,106572,1218,504808,3726620,46768,968,62003,1231609
PsA,2685985,51732,489252,290245,906373,23701710,10037274,8255827,40147,41771,2728572,1697558,149434,173630,214028,1473,868478,2847698,29573,879,25477,2281951
RA,2651021,72618,1784047,1272882,3651159,11538803,3831974,4640497,47518,58328,2814466,2063632,121828,75090,142448,92,322627,3640283,31959,2173,34746,777120
PsA,2422432,56374,1043141,653469,1950587,24866120,11694772,4720541,60618,67251,2721038,1990445,234514,106587,132126,1773,1026661,4693651,32961,971,37519,3811023
PsA,2651464,56781,4903131,3729112,11540528,31438202,9791462,5955215,103871,110451,2954498,2054086,209592,102970,146854,36170,809509,4470572,34485,4821,69862,2942738
RA,1429042,44069,657759,414014,1221387,2372624,892596,3788824,63117,60551,1578475,1076496,24217,64126,107174,1418,78454,3855020,30629,734,45921,174630
PsA,2388464,52810,2139676,1340960,4485936,10538614,3080796,6183396,66302,72491,2621450,2064558,81947,106135,136342,2544,335969,3190149,43483,2610,43171,1083079
RA,1748120,56428,401005,188244,678988,10796918,4546582,6566742,80893,75881,1850160,1630999,107215,79236,111990,21875,368755,3753874,20082,216,47802,1052563
PsA,2776596,44414,404384,225910,690187,28404838,9943586,11405324,67862,83446,2657756,1922350,199317,130422,200951,1817,805854,3215565,27040,123,40353,2509149
RA,1993226,31742,265807,109576,336461,13375614,4973889,5696937,48248,42690,2216071,1964372,98268,67920,114888,455,438127,3272525,13480,738,22226,2124554
PsA,3575711,79697,2523035,1607768,4670490,37574632,13358860,9742705,77164,105366,3870670,2421340,211978,167366,245153,43762,856574,6341043,46346,2722,69328,2530688
PsA,1870781,41549,882851,520666,1393683,36333252,12103698,3196800,68862,84019,1983685,1677222,234171,69174,78560,15734,958342,5226973,54548,563,45439,3496306
RA,803881,12467,209758,71526,245913,8564500,3587622,3718433,28704,15148,874229,1003616,91833,39244,67515,245,325023,2763778,8016,123,10732,2743742
RA,1833399,57157,1364805,847089,2372295,15475220,7009639,8819452,63502,69983,1950598,1469729,93627,85662,104197,26530,404777,2526188,17869,2044,35794,1271128
PsA,2633335,39288,336679,138683,558547,31465830,10644538,3294425,47869,57555,2498865,2232593,203644,96485,134813,3364,1107612,5412570,28473,120,36370,3283129
PsA,1723916,36985,1295203,824237,2535955,13152728,4795282,7786188,41818,42980,1731889,1569913,83732,89287,156183,557,459897,3225617,25806,1543,25849,1736481
RA,2378639,33346,187041,80826,303193,21600002,9140521,4080130,90625,97844,2845211,2212650,167985,121268,177515,829,785540,3888131,23032,72,55196,4143851
PsA,1932835,32713,390742,230704,816344,16330226,4251125,7116758,32659,40970,2011705,1860402,90254,84998,111251,730,514730,3212330,31460,417,19766,1636593
RA,2999059,33304,322040,179724,634695,29800084,11109115,10580285,44828,42749,2609259,1900016,200621,163309,232456,626,963603,2473258,11118,719,30696,4365217
PsA,3152900,51830,1501764,1351188,3338087,16991584,6068943,5923606,90532,113125,3513259,1861687,169193,169945,187387,1628,369113,6267110,34129,1409,69712,864416
RA,2511680,37597,912895,616552,2167739,6303396,2508467,8913727,41006,48559,2875006,1927245,72244,155910,188218,41992,223879,3009160,30173,1589,30706,464365
PsA,3543637,57034,661955,410188,1168536,28594964,9456212,6772065,30611,40299,3900975,2359971,217034,144993,259376,1650,937417,3962034,32344,628,28944,2068278
RA,7131559,31245,190872,71250,212340,49917452,21771372,7514058,49512,71315,6982576,5244708,427125,275169,341136,773,1830507,5012462,20507,495,43261,8734838
PsA,2887780,63325,426552,322860,1039941,19281876,6339441,7359668,48306,52310,2856145,2074186,134237,137682,155784,24378,357583,5071478,45310,1035,31590,1341335
PsA,1654591,29486,1126929,519311,1799496,8097467,2959412,6538672,13061,35444,1666140,1514157,62262,110769,139965,777,241745,4085626,25800,2425,11325,1013800
RA,2225596,21404,229849,69673,257496,20618976,6101991,3306386,33288,26612,2474857,2472939,142833,72562,144486,18438,655340,3626533,23978,310,16515,2332947
PsA,1903697,30227,2604838,1042151,4389008,16449201,5828205,5031754,77724,78837,1953059,1673171,110685,100158,149728,755,511130,2538176,58790,2016,45196,1494225
RA,3302485,53424,2967236,1778405,5511941,24747456,8897639,6867736,56021,71481,3114415,2573046,158427,177338,209019,32342,761614,4705183,12858,3158,39471,2195856
PsA,2905424,32667,377234,184166,575449,26201754,9244481,4766749,45279,63739,3153783,2322716,204257,133357,175782,1627,790499,4140677,28672,414,27018,2761277
RA,2260355,37681,767208,368893,1132697,17051810,5424263,7101437,66108,79492,2187474,1946978,106812,120418,164919,866,418642,4147482,21866,1107,43777,1806526
PsA,2327704,39241,18582792,11557747,32111038,24506978,10284704,5256636,73357,95357,2520106,1392868,181308,144556,148301,28203,655575,3592488,39388,20003,57745,1700461
PsA,2538814,42077,599114,391182,1175753,31474428,14142316,4085319,44907,57608,2729043,1632648,204878,91761,125884,1755,933910,4461681,33197,867,40548,3354859
RA,2841367,39942,1034708,643123,1649599,21904814,7903190,4822155,32163,45497,3170057,1877569,128026,149822,195322,43,691326,3346758,119353,831,22192,2399363
PsA,3203248,83171,1949710,1426148,4287571,10335659,3300001,4942643,24930,44419,2619641,2028596,85240,119636,175079,3525,287492,4145799,34722,1942,27005,858140
RA,2764998,50907,927013,634951,2189720,11851005,5071214,12457910,75711,145955,3159561,2393310,108359,137480,178709,24177,388331,3975862,44047,736,54554,1206610
PsA,3488800,57569,374900,207648,726443,22243944,8551491,5838741,50760,54097,3293217,2681626,131128,141287,198768,153,671162,3866139,28824,339,33652,2086584
RA,1391169,26792,645854,357212,1236053,12071193,4572900,5419959,32728,24144,1514727,1510078,79164,74643,112326,11475,442184,2637929,16880,787,16259,1894164
PsA,2407625,48332,722192,565073,1533003,23225910,6465595,5573520,37141,48546,2489313,2613723,134554,114482,135186,27006,573340,4615743,29583,1372,30156,1626492
RA,3073085,36606,268052,213379,658717,23348446,7829901,5872904,92304,107034,2993724,2187197,167348,196111,267603,51,603361,5264251,32331,318,65012,1731280
PsA,3739391,37986,1367135,1222589,2862748,45572888,19103896,7720748,62463,86600,3119498,1736804,373947,241519,253154,30454,1230627,5042618,24836,2351,51259,3166294
PsA,3052689,52820,3464858,2157442,6009687,10716346,4663459,4103482,54132,90200,2407401,1305594,94629,124432,147548,1963,231047,4488237,31236,4408,63114,707353
RA,5240149,43207,690996,524509,1260092,31629548,12933558,6884200,57308,82215,4563575,3714410,178379,178230,242463,665,1067625,6383558,119233,973,43754,3971875
PsA,2643432,32572,718087,362661,1110640,30318136,10640342,3450558,113579,119150,2841226,2170275,178914,117974,129632,1375,1077342,4052456,27357,896,72281,3149305
RA,3447100,27800,441404,238266,752128,34925588,14727824,3899276,51254,56288,3217491,2916268,298158,166225,247460,912,1351719,4426938,16370,343,33457,5294999
PsA,4674198,57680,1885825,1856186,5380712,33718388,12441030,5970324,77422,125298,3859143,2977343,206219,266297,286648,48875,784199,8772609,27374,3472,66767,2231356
PsA,3113061,46859,693612,365779,1304101,23809010,8776854,4632517,41085,68355,3386898,2812996,173670,185673,185574,67,669156,5345582,26624,946,22175,2440201
RA,1484710,28057,896378,455480,1382209,15176203,6301094,3391938,22578,26034,1988633,1313368,108567,85156,108727,1274,507808,2625408,22269,415,12866,2200964
PsA,1708348,32714,3342394,1821406,6146661,18827854,8422781,5693342,54644,61988,1642845,1278013,139264,48974,59997,2035,786997,3341670,37916,3540,36681,1904058
RA,2829870,52288,3716206,2375841,7546454,6844177,3236583,4084172,87143,108821,2604857,2316378,61034,110060,111036,29495,215241,4356896,32046,4290,70870,847001
RA,2214167,36730,1362585,981479,2724010,18328008,7062964,6117267,34099,10628,1916446,1332016,157421,95044,121159,1042,436013,3687842,37422,1248,33996,1288419
PsA,2956761,58216,613974,449846,1116778,20765048,7419407,4785277,16144,26532,2632687,2431108,133563,134008,120122,1728,573068,5751114,45847,518,13565,1682349
RA,608615,12447,1133695,598001,2206637,8671495,2633002,2048782,26049,26003,773187,815783,96891,31378,37521,5143,285191,2590810,21309,756,13684,1781184
PsA,2142115,50669,666718,507768,1465738,9703849,2890415,5044676,20820,34803,1759878,1577014,38886,116147,108164,1918,179422,4259180,29976,541,17957,631456
PsA,2449788,50643,1533079,1284812,3566026,4958907,2086879,8869039,45654,79118,2649891,982724,44577,84773,89754,31347,85991,4355133,33307,2195,49874,201625
RA,2515163,12990,3539827,2145373,7072607,27229226,8997242,3033880,31772,34785,2488499,2013613,274217,84554,110367,1918,823210,4969140,8084,2520,18039,3435356
RA,2289074,48256,656097,415871,1484983,21551624,7639823,7552132,62315,97545,1999652,1238532,130292,111245,95599,3243,510287,3930545,19236,1065,45298,1781403
PsA,2796734,43217,692957,462917,1183839,36621160,15107901,5746495,46123,66195,2662515,2277418,183377,152217,148300,1240,931492,5309087,30257,1101,38916,3216932
PsA,4751038,65525,466057,368265,892336,32638604,11154530,6474799,54042,131738,3497951,1660884,244322,206266,255792,1534,539047,4200219,27117,653,74763,2127554
RA,3164912,25860,791478,279230,994382,37462740,13084199,4327709,22037,38006,2857360,2212359,270267,152315,186006,1615,974635,4115061,9160,398,23504,5403989
PsA,5702849,22987,1732650,836971,2339464,51468604,27182062,10045540,37281,81163,3751741,2290889,472967,235051,210448,894,1714410,6087525,12520,3176,41994,6028320
RA,683751,11465,86546,20332,70172,3765851,1315611,1907659,29174,30777,688896,824595,30165,27271,35115,4006,131774,1792133,12834,188,14012,850182
RA,2432419,65314,1221178,844216,2104368,18374088,5812661,5092393,54089,93090,1719514,1149299,83680,138556,100881,647,254220,4600845,26824,1931,46449,1363468
PsA,1900471,39052,553190,368120,947227,13033843,5072671,2690708,29909,43843,1901463,1263373,102242,63336,71848,1462,283696,2493412,16224,296,26993,1054743
PsA,3375413,37946,886682,906822,1646731,28779042,12946478,3788531,13832,61848,2383611,877979,262381,166021,147875,1026,478664,4559414,24565,1798,32174,1702739
RA,819100,12613,258638,75295,331630,5477109,2354328,2486067,19078,22173,1061754,921156,58061,31281,55529,661,186220,2193588,5754,235,8128,1262416
PsA,2514633,40324,235719,131191,302479,19669218,6818033,5800828,26575,60178,2115985,887903,142539,52645,44240,24992,372022,3436488,23492,158,32093,1280605
PsA,2000630,41605,1341486,982420,2419396,17252330,7183348,6058360,30559,67230,2135976,1139481,166469,114981,123409,22525,438304,4206243,27211,1398,41019,1569597
RA,3041201,50138,1328594,731749,1965932,27662072,12145452,6817847,12560,35427,2735326,1441407,150726,193700,172904,2358,506052,5460930,23160,1561,15742,1763543
PsA,1521475,45412,968607,487165,1470888,9030612,3838166,4688568,51745,92367,1337961,1163953,90495,64973,66259,6442,290351,2683267,20696,746,41502,962527
RA,2672105,33213,568318,341156,915857,14496972,6615023,6521009,54900,114839,2672275,1678885,121327,159741,178647,3235,354897,4285141,15865,1077,58398,1141972
PsA,2692891,31124,300167,117152,447524,32037120,12222820,2934021,35136,66453,2812601,1342055,259429,176859,216617,4210,819164,3540406,19767,243,37660,2426991
RA,2333297,21543,256367,82782,313386,22815506,7821470,5263180,43686,71720,2562385,2159325,192384,112389,128569,12150,639014,3399144,12735,769,31374,3317285
PsA,2688714,51514,261950,161013,404734,13006975,6273875,4641279,17219,43316,2484703,1175892,104421,118556,139026,2091,343730,3720508,22809,421,22171,1127313
PsA,2964641,61074,340541,318437,621895,11948427,8252996,3792431,13864,72194,2454878,896260,185010,90423,84243,3182,231719,4376880,24357,1856,40854,845776
RA,2532897,41964,600458,227295,676439,20563728,9113256,5860472,32681,89486,2209859,1447279,213084,88603,104498,12153,579845,4047294,25588,650,39699,2232763
RA,3115416,46597,821849,435314,1704479,20947872,8833601,5784105,30849,79197,2838341,1799001,155534,113827,120946,1354,481635,4325580,21488,1069,48573,1749201
PsA,5031285,50627,275823,143500,335868,46558788,19987518,10674217,19268,48030,4567005,2351359,346590,147980,136911,2160,1338913,5374825,12884,423,23036,4088403
PsA,3038225,47210,969729,530167,1752102,13484388,5996879,4332673,34091,131901,1219,53229,175,26085,194,22,903,1663,1880,1,233,2693
RA,2373796,41849,303574,196445,425268,23204684,9764518,5747817,42226,93295,2352616,762226,163731,128339,93381,1427,449398,4269753,24585,138,47092,1466868
PsA,3078069,54496,392737,230677,543050,28553084,11316627,11348658,18796,62018,2306505,1538146,153377,145369,133064,2907,606257,4079717,23860,752,27978,2384402
RA,2114309,30753,266443,180698,459289,29066282,13299963,6471179,27448,71704,1928704,1026300,241482,158706,142784,3390,811604,6258593,20822,267,35301,3059713
PsA,2324311,41981,1241116,762431,2191861,971903,496819,4360336,26062,61772,1490632,942749,11364,90777,94735,3661,30862,3620768,14250,1438,40545,114534
RA,2289510,46210,2202168,1526079,3882056,24136806,9908853,4669065,45388,103794,2162828,1054865,166477,42423,34440,2703,622859,3360733,27896,1994,45638,1793190
PsA,2229684,38459,2020522,1370391,3206833,31684610,11814088,3906658,8967,22219,2256882,1078945,254482,130573,119904,23361,870675,4085439,24310,1910,11306,2403761
RA,2482239,33502,1968395,1006773,2857528,27245968,13293534,4605095,15322,26459,2232235,1571893,213974,187915,174735,3244,877433,4317533,14985,2113,11250,2987655
PsA,2423708,32446,360180,183274,484546,31599454,15714931,6310310,43605,108464,2221550,1097681,244468,144772,163143,1659,728694,2995781,31289,453,50373,2491348
PsA,3599191,74561,386855,339723,830362,20735218,10518830,5766869,29944,105425,3365730,1528865,146859,162549,168733,653,470106,5384071,29737,808,40382,1449236
RA,5112717,31563,264163,241496,525294,48356184,28589734,4198059,14074,52001,3494382,1630630,424349,260041,200705,1242,1626109,4751448,12180,431,23515,4385907
PsA,2306398,40824,3198339,1929879,6537275,16967006,6111458,2932207,49134,104483,1785945,1142393,111653,57856,67468,2836,424023,3703206,25391,5137,64405,1192694
RA,2200527,35010,826431,568598,1422306,13431050,6618188,3769361,25434,72407,1965799,787644,109893,132980,127021,1795,340701,4341607,22497,1428,57898,952239
PsA,2984047,50446,745841,489602,1439464,19007430,5629214,3488692,27349,62402,2621532,1382442,151262,75282,62880,1111,352298,4343650,37871,1266,40621,1473175
RA,2435031,46664,158634,83479,274613,31595482,11611618,5557684,43585,61329,2531425,1841154,200668,129174,203424,1143,969794,6090552,18176,316,43553,4673538
PsA,3075667,60971,685858,560383,1478138,9580343,4592649,9386136,26719,71927,2784607,1217003,110186,175287,200690,22463,287946,4579867,33438,1234,42199,635602
PsA,2546564,49296,896045,552281,1690448,1631842,850633,5007490,20402,45791,1970485,1203240,32398,95779,123895,13723,45493,3223381,31262,1432,27466,136155
RA,2154888,32721,1304813,979747,2717517,23648146,9006618,4977216,30835,77266,2425474,1045801,270374,99040,123435,23290,462704,4132718,30800,1411,39435,1511104
RA,1671989,37815,2260772,1274012,3695400,16154754,8413261,2732912,49744,128346,1465156,813500,120307,89797,68127,10270,436128,3013839,31472,2813,59133,1285971
PsA,2568095,37893,413633,211398,687070,26184672,10912010,6519600,23205,62650,2584518,1445418,202114,119216,129936,1264,822584,3894106,30149,660,31756,2064925
PsA,3368424,38025,4956339,4637696,10703238,22408700,9340139,4223574,19948,52750,2388168,1044247,204282,136367,97049,4304,385968,5147586,36051,7836,31922,1313463
RA,3190777,21034,347807,134446,360634,17879288,6733614,3765808,51573,115444,3094666,2615321,142483,90399,119676,11879,624630,2971953,8978,442,46750,3027679
PsA,3574459,44429,275748,226475,604250,32840852,15325703,8212577,41083,81083,3203361,1688183,226233,197000,157032,2501,868624,4750411,28833,47,45466,2426811
RA,3061261,37466,214413,132353,363649,18569850,7697155,8180596,13344,25434,2684945,1754274,131403,151770,123701,690,584241,5208305,28170,330,15854,1941715
PsA,1884596,42086,1953472,1889903,4207425,12166854,6427629,4211262,17797,47135,1909702,798649,97172,48896,55525,25782,314136,3391538,27134,3928,24088,1015633
RA,1728897,54109,3988130,2507190,9082502,8196387,3623938,8908488,27297,68188,1712795,922131,87964,41190,40995,4211,179921,3116183,12587,6145,38961,652011
PsA,2140186,38527,1115386,816624,1833832,18762056,8052468,4858122,21625,37123,2174187,1158607,156367,73555,94620,2092,548550,4660887,20738,2731,22482,1687418
RA,1076842,15904,729572,294691,1024189,11992733,4344490,2660644,21934,18663,934051,990791,96690,41906,73381,1033,370743,1821171,8292,220,13188,2420602
PsA,4630217,57513,1879808,1422553,3324984,21763126,7726344,3634272,55404,151957,3907950,1290622,176928,184692,171233,1180,431425,5324328,32356,2320,84021,1184672
PsA,1357089,48423,1446801,733268,2120596,15138590,6814598,4817920,18884,50135,1472702,778194,153873,69203,79825,991,516586,3252407,23633,1535,23971,1641504
RA,1899847,33105,1526127,782504,2138449,7858037,4460868,7774346,11420,24541,1861693,1337013,79971,137269,148693,27050,214890,3668971,13927,2424,8570,967143
PsA,2705073,52897,1133049,635019,1665905,23722390,9951893,6861734,26707,64754,2447287,1251584,193153,108899,119208,2512,731600,4785851,17041,1790,30863,1574788
RA,3560356,41524,1839938,945696,3210863,21453904,12884411,4315514,39123,99531,2403088,1616289,162596,141411,132551,4893,606929,7584918,20596,3531,63201,2048481
PsA,2661039,47042,702805,326904,1061599,15435246,7683862,5855797,27382,78687,2355153,1249850,151461,108402,103107,11291,422118,4947972,28335,418,35514,1332014
RA,2543907,50279,1359506,960399,2014051,25234492,9880111,3452944,3328,13679,1648414,873585,190546,150122,102799,14349,509581,4688306,20336,1014,4007,2035671
PsA,3079259,25520,1321227,734577,2322903,29390488,14612668,4965580,34145,92782,3526306,1119958,161518,131717,125638,890,559555,3085860,16563,1465,74361,2367884
PsA,2073775,54509,998617,466721,1571408,10489988,5068571,7411912,9363,31155,1790837,893995,69439,85623,66908,1901,270983,3989127,21733,1592,14067,798026
RA,2627646,48324,494467,326973,950730,26092064,12581787,4415535,19809,46816,2648032,1647813,182689,163334,143179,17729,776229,4443104,30256,294,22131,2768810
PsA,2435563,45538,1078193,742259,1886134,13594784,7455681,5280180,28289,83634,1898458,880841,141179,92269,88574,20430,447205,3626431,22759,2269,39552,1034773
RA,2448677,53732,383844,214352,551356,23311428,10369511,6837489,19098,80406,2292786,1268717,167366,142944,112869,2346,581317,4805773,16474,427,61135,2159573
PsA,1213437,35864,254637,102362,351556,13521380,5743010,3552374,41702,75817,1221810,754262,110754,62004,84341,2264,446535,3543179,14545,353,38748,1276251
RA,3335158,24548,385402,152187,493604,35843340,14868539,6667138,50863,62631,3795615,2820230,282380,65454,117483,2846,1152177,4208372,9448,338,29034,6858775
PsA,2401140,37139,343651,140817,475865,29295286,12240470,4146153,20103,60188,2141581,986879,143172,124463,106364,912,779472,4421439,28482,430,21034,2601823
RA,2702972,25903,637766,246799,945602,18808222,6238263,4745998,27596,49885,2192000,1857606,153214,111153,120821,96,575086,3899671,15653,1118,23330,2731563
PsA,2744509,58224,947029,843426,2344712,9788922,4756595,3907868,31374,90322,2079829,741612,73330,152229,108366,3585,205620,4135784,31615,1954,51191,543579
RA,3488651,37577,692686,417828,1057248,27325004,9935603,4653443,22695,79080,2761493,1857094,194120,199421,148387,3191,592949,4712524,14540,1379,31972,2179089
PsA,2640895,54708,364482,219065,591843,21629594,7869211,4053831,9123,34008,2238878,1390912,135474,118110,119971,385,466810,3813277,18267,479,16733,1628362
RA,2295944,46246,231065,118483,305090,12485900,7099752,7306308,14797,56202,1897261,1091321,159683,125441,146716,1110,408443,4396573,9473,299,24530,1512662
PsA,2552669,54085,1325647,924949,2643726,7226401,4064757,6377134,16986,82852,2090285,689052,86453,127042,105591,3947,128671,3917002,15258,2539,33993,475771
PsA,1599365,37601,327857,168970,575101,17441082,8332065,4071848,14078,59074,1278565,751299,200771,91773,56761,2969,559189,4290248,25314,653,23471,1827854
RA,4946001,45472,2518194,1357673,3409395,31032490,13952837,4379544,13232,69180,3169416,1688167,220324,169773,129000,25642,785975,7614620,11993,5918,27051,2505545
PsA,1959139,30465,5629328,3587434,8447658,19990410,10192793,2061241,12798,62629,1303490,763121,126511,39898,28178,35789,245259,5013444,26300,8347,33441,1113850
PsA,2019666,35906,1267963,710814,2092013,16963890,6660108,4349446,29393,83747,2326732,1260182,147237,88150,63958,18656,460736,3502926,32856,1271,42953,1446605
RA,2651698,19298,624266,332720,958792,29884644,9848495,4208725,48532,55542,2664344,2273205,201691,93456,113234,3252,867041,5426015,21294,1273,38710,3084899
RA,2070977,34729,283453,105357,358652,31549588,11167106,4622435,28317,56424,1660998,1290549,157200,144106,129982,7279,714637,3764641,16444,296,23613,3151330
PsA,2664530,63995,524282,365555,926200,23447922,8583623,3873808,35967,91349,2182002,909370,94476,87951,80942,2429,581535,3698014,34516,878,45134,1683897
RA,3559971,42212,442877,224787,624368,22065302,8233299,5505110,11574,41929,2677242,1437613,156180,116672,121798,1011,393607,4312427,21673,707,22184,1355268
PsA,3419732,40136,7218593,4648686,11219982,22961970,9400140,8151605,16719,49642,2373997,1397631,143818,154338,134183,2016,313070,4504821,23697,8317,20165,1625942
PsA,2834143,57582,1180216,753059,2207580,14923240,7362330,4347486,8928,57625,1643156,750265,113419,122785,92539,753,277342,3959162,13417,2138,23482,1085915
RA,2705229,28173,674935,254368,798647,18448248,10555278,8105042,22513,121718,2038124,1078233,154169,145259,138535,18288,548777,4269786,15342,2515,60281,1815479
RA,4139980,46144,190220,99578,251592,47309652,21081136,7226446,22196,103577,2924251,1029802,358300,224971,145524,487,1036621,4926930,12969,412,44001,3350909
PsA,3044116,51695,325831,142620,570314,17611870,8818110,4614792,13196,66410,2250437,779346,189696,120951,87002,1107,477668,3807701,15449,648,25950,1781490
PsA,2339985,46443,2580712,1102537,3901685,6073924,2715391,5055998,28252,94283,1664708,924280,63095,79739,74937,294,132634,4219476,16959,2231,40499,409214
RA,3223986,45811,396403,266580,708099,26439130,11799595,4475499,36170,138240,2683607,1115045,198996,99522,59452,756,470878,4459627,23348,319,56101,1772166
PsA,2366474,40360,391976,157509,442713,14042271,6160206,8311369,11732,40485,2120160,981507,128237,117430,83191,1797,361827,3029166,15962,956,19782,1440171
RA,2407008,42925,966039,665170,1820552,20594380,9424561,5444350,18552,81448,1578843,772680,181715,143369,119525,24085,500880,3590863,17241,2023,34969,1594250
RA,4729954,28961,599580,438287,804572,43898592,23258372,5913196,17725,89523,4129324,1415179,436592,291947,219559,1155,1256884,3631714,13097,933,37490,4153742
PsA,2028060,44420,450950,338312,942744,13938410,8128381,4632886,29317,86409,2337245,1161012,160158,70592,80342,1385,497924,4421045,16002,656,43103,1648739
PsA,2595003,43801,781467,721040,1380229,3994414,1912028,5171187,12583,77320,2318387,595997,41062,51489,43668,895,95766,4305702,19443,1327,39522,234011
RA,3858311,36825,212694,107302,295994,34730168,14420099,14550911,18069,75560,3806001,2067039,251872,171896,162435,14728,891769,4647417,16144,147,30140,3517284
PsA,1932943,48408,321993,162139,431889,9989303,5036817,5058273,30332,77993,2005816,1104360,113704,101175,105234,20102,312542,4082727,13949,330,37701,957062
PsA,2722856,36257,4567008,3825817,7979047,21676130,11475134,4438296,11075,44606,1793447,603461,180367,115449,96903,48607,517615,3367565,10482,6578,30995,1359829
RA,3321161,45327,803261,563216,1331554,5276769,2455659,7695592,39401,96193,2998580,1734565,53398,71346,70979,217,194240,5628371,18299,1206,46038,603578
PsA,2371995,32053,281806,155206,442595,25680850,10614830,3488685,9272,13704,1744926,1321320,243935,99322,109658,15202,779240,3611595,9975,250,7308,3183654
RA,1455781,15241,187898,79111,275510,18236706,6533388,3793773,30304,32629,1536675,1312307,179367,82700,95871,1504,568459,3334241,16174,138,15795,3705019
PsA,2728604,36515,283158,177995,488147,14666691,6106179,5078886,34821,79864,2195940,1095559,166482,92107,93779,1178,452830,3493732,18058,1122,42118,1566521
RA,2088828,42217,557427,478496,985906,19197738,9041420,4934996,50063,103613,2108108,953360,149679,90713,91327,19754,752843,3886921,22956,1515,53385,1860327
PsA,1935778,49604,2073210,1271712,3522447,28802012,10765411,2738709,34413,77958,2065267,1187067,221879,93843,87780,35566,808389,4442151,10882,2605,31463,2871532
PsA,2536210,40363,429681,401395,825931,23403210,10187386,5165812,31304,129263,1850166,622849,171378,99652,74742,279,511415,4987623,19928,574,55560,1235115
RA,2409900,38898,705062,409208,1258388,26206564,13281135,9501334,26575,99336,2413660,930943,186799,150489,142602,28378,907385,4117110,22517,827,43429,2740427
RA,2276736,32151,911945,595178,1877940,18744526,8680642,2872354,15551,61960,1956346,918430,151340,72165,78689,891,586044,3133710,20313,762,27915,1623298
PsA,2376853,32572,553733,402776,914354,13960778,6292069,5119562,16355,53922,1702315,985757,118280,97121,98297,9951,371132,2582843,22997,1317,25950,1365798
PsA,3834856,49639,1863872,1191985,3041351,17179714,8986505,3872180,18527,63414,2792367,1043952,172862,136121,133857,36449,447115,4064936,19508,2388,37913,1142194
RA,1090498,13721,212070,57995,265494,12019512,4845377,2900251,17461,32054,1418340,1048234,119416,39794,75011,7827,455371,2470932,9810,101,13240,2707214
PsA,3358838,41614,1702994,1017940,2270342,27292396,9859431,3630618,10510,26933,2799580,1523510,218883,169258,161585,42561,745248,3565361,18095,2200,11222,2074258
PsA,1702149,33042,10941082,8150255,19692612,11439078,5442867,4482250,12361,53972,1507382,597027,57853,42333,39065,1246,206951,3437428,12411,14768,25905,740279
RA,3494810,38582,1903501,1190802,2983348,26466444,11717326,6030397,36465,105750,2677997,1594676,196305,103303,125514,1423,676928,5562670,16222,1606,49116,2201280
RA,3169000,47744,144353,67976,185521,21509290,8691640,6102348,23763,84117,2298537,1391142,145023,148688,146289,1786,483666,3442094,16363,428,32851,1634775
PsA,2442337,46771,648896,412058,1097619,14623765,7529575,4332665,9079,32870,1841425,1062824,134694,113544,84409,53663,334288,3221249,11566,2188,14243,1412029
RA,2717115,32010,1320412,691226,1814471,28965340,11639996,5148489,4230,20367,2681205,1754193,228168,159725,190920,734,780472,4450080,15923,1524,4757,3650163
PsA,1900558,45802,970963,559176,1488645,8334211,4042992,3126732,36127,95662,1782092,920131,90524,53143,48577,14623,203608,4071152,36206,1563,38797,742600
PsA,2493190,40853,2613564,2807865,5400012,29968800,13498873,3436118,10558,82428,2207116,576924,145534,92905,101480,2010,497256,3280251,9726,5769,35512,1748430
PsA,1579630,41006,3429262,2164994,4446324,15234161,8270897,4402788,13618,89954,1454494,582563,144144,86600,67053,1768,535742,3615522,15483,5755,34635,1784535
RA,2318810,56906,1032309,733682,1730152,16516733,7568713,6671998,11126,47771,2016195,965320,138214,75395,61997,1897,428692,4473716,12128,2270,22196,1564415
RA,2543909,39760,347095,226581,502312,13589188,14655656,5854440,13797,75547,2228726,854339,245281,134378,108054,728,594336,5105465,18774,323,38303,2301266
PsA,2359365,40198,529737,342572,875926,11463429,5891251,6627706,21145,67086,1939584,1044023,115190,87318,87550,473,276252,3823161,27754,1400,33167,985774
PsA,2803645,34481,665472,517193,1325160,33246662,24943974,4846359,17621,58715,2583579,863535,159319,80212,151070,1324,843369,5173732,12112,2657,83973,2313229
RA,7530189,27519,112266,69241,114375,54572832,35389952,4713756,10908,96079,6188027,2685964,652049,288515,195701,1313,1698918,11213472,7434,252,32126,6130650
PsA,2965208,40434,588922,332529,870468,23629940,12806665,4237428,15266,83456,2187308,864572,221237,114660,78501,2022,512369,3090068,16059,1398,33028,1820460
RA,1728672,59537,771827,453229,1250382,11464525,6413104,3751792,16523,101186,1452558,640376,111582,67832,52847,2620,259463,2918278,9052,307,40484,1089698
RA,2090338,29484,316606,128845,354471,19631132,7292947,3097806,18409,67466,1776180,1191902,169230,104528,102038,547,489833,3983741,7060,945,30451,2243648
PsA,2275572,46815,207519,93935,234176,35684484,14451592,4781123,6115,21436,2183290,1069911,275797,131672,105245,3182,717736,4765515,16630,467,7123,2915060
PsA,2686615,37292,439785,385093,765856,18929308,9556857,6098937,13761,92708,2727798,926966,143347,144463,137979,42232,376783,3330132,11401,1333,35372,948019
RA,1556935,22175,571783,181498,655272,17447900,5972922,2784945,18904,35070,1608893,1156008,169495,58876,90320,764,494934,3045692,50634,1339,16790,2713582
PsA,3182978,41216,387344,199035,535274,25044924,9072373,6220215,12790,61812,2525752,1095034,216896,131343,122776,738,540309,4713325,12957,539,20746,1785724
PsA,4102085,47072,169603,100468,228089,26202568,11890126,5982932,9977,81781,3115757,936878,180608,201610,165056,41785,390571,4730040,16572,906,34075,1591268
RA,2984094,45767,390768,187790,529306,18909880,9481143,4454642,17504,93729,2712349,1183770,160514,77985,60175,17232,515372,3975304,16229,791,36824,1976362
RA,2305778,45627,515180,362729,813956,17809316,8821535,5261738,15081,109387,1943872,631646,169502,103530,81109,1780,403854,4137252,19743,552,44074,1336282
PsA,2294118,50008,408834,204349,623020,22857156,10865587,5371588,12202,71334,2097431,986761,188565,73514,59145,21300,607355,4113281,11658,560,28693,2261024
PsA,2282110,44863,372903,193010,529207,18649710,8186874,3205216,7893,53091,1966008,788093,139853,101848,84781,1240,473462,4053005,11928,259,22918,1771643
RA,4830772,23958,223734,110545,234609,48129928,23622202,3188812,7283,48894,3129397,1319625,528178,220464,133004,1998,1164628,5572055,10044,583,22432,4134476
PsA,2355565,43917,316767,169954,558720,14713168,6946788,3968118,10013,54545,2107501,1312205,135415,32352,17575,924,432529,4565533,16376,525,16670,1607344
PsA,2062733,40979,1332218,685307,2126735,14364131,6198080,5511930,26709,88436,1963552,988089,115919,102288,81890,1986,309710,4217646,13374,1921,39427,1290962
RA,1434219,37332,1407842,798085,2484422,3920788,2281218,7823938,16097,67985,1211141,579646,27474,47443,36764,2022,84643,3177268,10410,2902,26003,421297
RA,2180966,25686,2410642,942633,3598397,17793412,7012765,5086953,9800,25564,2239456,1571120,165068,112204,120553,2364,452635,5359490,12924,2264,9381,2490467
PsA,2235628,48513,310882,130934,349749,35952956,15043558,3073783,12860,55172,2033528,838509,323226,101133,69673,1897,661381,4502053,13966,975,21397,2863502
PsA,2478873,56023,245465,219164,651662,11680064,5350130,4067152,8045,77777,1646230,816111,91523,72838,83971,1052,140431,2957308,11062,2021,32522,576434
RA,3592177,24401,87472,28238,68277,32033114,13558158,6142251,10422,53299,3365216,1983787,288243,142261,143242,2506,848828,5200831,25472,323,22757,4882016
PsA,2133797,47613,437421,208842,545896,23168082,10343177,3555358,13937,69328,1688028,979206,194474,83969,73075,1206,496374,5104233,20851,521,22596,2174907
PsA,2038276,52971,5145076,3464709,8954215,15736458,10001542,4466941,8454,62479,1507917,613593,179788,67668,49422,3481,351033,3749044,17323,8068,25474,1247237
RA,1475616,40001,1179375,514969,1572495,8781662,4634485,3511570,8483,62244,1444893,549526,103928,69144,57646,1671,227841,3314492,14945,1154,21540,1180303
RA,1551956,40056,1994702,978014,2821574,16743927,6924866,2842281,18368,93154,1476098,742179,147747,83833,62724,469,344687,3118511,13188,2999,35824,1817419
PsA,2460427,48094,428876,220182,586191,12479642,6803119,5316953,5463,22866,1891981,803859,109765,119512,90242,3160,327188,4626537,15242,1168,13913,1442273
RA,1892875,34474,131762,58133,150807,20882638,10203904,4192536,14010,71406,2024820,885730,206568,76616,65159,22300,481690,3704482,12960,226,31462,2478037
PsA,3012416,39160,854027,495777,1163658,40898108,18451410,4338428,9005,46114,2347887,1138750,318841,144623,83883,16515,825549,4490474,11578,1591,21390,3394531
PsA,1688644,72533,384650,253425,798865,9340839,6973224,8402831,6234,38477,1617575,699684,111054,70386,121988,1475,207856,1888731,15279,2249,24190,650524
RA,4771439,51079,2180713,1090290,3179488,17601338,8313965,3090534,6749,60960,4691809,1910291,166984,95282,66729,1625,412489,4603523,21961,3182,16784,1698212
RA,3395426,31150,746935,314667,854410,50077540,23972440,3643008,9917,60241,3090039,1725854,512651,167618,157044,13065,1293583,5660961,8686,784,18936,7582036
PsA,3157448,31053,313081,141665,369688,38411572,13915390,3287581,6937,30167,2920634,1408684,297749,203963,139791,1497,761776,4971300,13353,370,16977,3577418
PsA,2506915,52626,580464,465230,1373654,10807404,4976545,3187583,9018,69982,2268947,1420883,85040,81586,96953,2213,177918,4115235,20822,3057,36859,690579
RA,2428686,36104,294435,104885,300290,15946969,7905399,5329991,11983,79941,2065965,1137418,146235,73709,68277,1494,340635,4050678,13726,1072,28325,1730103
PsA,4224876,45868,305345,104132,343400,35874144,18666578,4171861,4461,42924,3201331,1764467,312370,176212,158084,18681,800407,4915606,11873,886,14006,3533862
PsA,2682092,55920,725418,366906,1186724,18579312,7230791,6227283,21788,148377,2747852,1518506,93177,144602,139306,2181,249967,4845000,21600,1246,59190,1018217
PsA,1906100,38160,412863,197485,466514,22176832,11559016,5814794,10715,81734,1636673,804708,183061,100728,57841,3205,466020,4452980,6538,340,28697,2392480
RA,1925718,32079,1043553,474003,1381047,10141465,4132184,6830478,17844,90127,1621203,878082,113743,60971,55306,1153,324788,3215616,13496,1508,31206,1385339
RA,3064531,25612,69139,29026,65389,43096192,19935626,4223429,4057,50379,2435738,1079765,515512,126380,100297,316,989964,3967762,3879,253,17272,4940573
PsA,1647192,42652,254674,112478,316778,2252378,1476126,3575204,10932,57055,1384098,692200,28374,67362,60259,2319,62093,3867310,17303,966,22199,355768